base,accession,Mutation_Count,pos
a,1_Col-0,0,3730
a,4_Cvi-0,0,3730
a,7_Ler,0,3730
a,3_C24,0,3730
a,6_Kyo,0,3730
a,5_Eri-1,0,3730
a,8_Sha,0,3730
a,2_An-1,0,3730
-,1_Kas-1,0,3730
-,5_Sku-30,0,3730
-,5_Ler,0,3730
-,5_Gro-3,0,3730
-,8_Altai-5,0,3730
-,8_Tsu-0,0,3730
g,1_Col-0,0,3731
g,4_Cvi-0,0,3731
g,7_Ler,0,3731
g,3_C24,0,3731
g,6_Kyo,0,3731
g,5_Eri-1,0,3731
g,8_Sha,0,3731
g,2_An-1,0,3731
-,1_Kas-1,0,3731
-,5_Sku-30,0,3731
-,5_Ler,0,3731
-,5_Gro-3,0,3731
-,8_Altai-5,0,3731
-,8_Tsu-0,0,3731
t,1_Col-0,0,3732
t,4_Cvi-0,0,3732
t,7_Ler,0,3732
t,3_C24,0,3732
t,6_Kyo,0,3732
t,5_Eri-1,0,3732
t,8_Sha,0,3732
t,2_An-1,0,3732
-,1_Kas-1,0,3732
-,5_Sku-30,0,3732
-,5_Ler,0,3732
-,5_Gro-3,0,3732
-,8_Altai-5,0,3732
-,8_Tsu-0,0,3732
a,1_Col-0,0,3733
a,4_Cvi-0,0,3733
a,7_Ler,0,3733
a,3_C24,0,3733
a,6_Kyo,0,3733
a,5_Eri-1,0,3733
a,8_Sha,0,3733
a,2_An-1,0,3733
-,1_Kas-1,0,3733
-,5_Sku-30,0,3733
-,5_Ler,0,3733
-,5_Gro-3,0,3733
-,8_Altai-5,0,3733
-,8_Tsu-0,0,3733
a,1_Col-0,0,3734
a,4_Cvi-0,0,3734
a,7_Ler,0,3734
a,3_C24,0,3734
a,6_Kyo,0,3734
a,5_Eri-1,0,3734
a,8_Sha,0,3734
a,2_An-1,0,3734
-,1_Kas-1,0,3734
-,5_Sku-30,0,3734
-,5_Ler,0,3734
-,5_Gro-3,0,3734
-,8_Altai-5,0,3734
-,8_Tsu-0,0,3734
a,1_Col-0,0,3735
a,4_Cvi-0,0,3735
a,7_Ler,0,3735
a,3_C24,0,3735
a,6_Kyo,0,3735
a,5_Eri-1,0,3735
a,8_Sha,0,3735
a,2_An-1,0,3735
-,1_Kas-1,0,3735
-,5_Sku-30,0,3735
-,5_Ler,0,3735
-,5_Gro-3,0,3735
-,8_Altai-5,0,3735
-,8_Tsu-0,0,3735
g,1_Col-0,0,3736
g,4_Cvi-0,0,3736
g,7_Ler,0,3736
g,3_C24,0,3736
g,6_Kyo,0,3736
g,5_Eri-1,0,3736
g,8_Sha,0,3736
g,2_An-1,0,3736
-,1_Kas-1,0,3736
-,5_Sku-30,0,3736
-,5_Ler,0,3736
-,5_Gro-3,0,3736
-,8_Altai-5,0,3736
-,8_Tsu-0,0,3736
t,1_Col-0,0,3737
t,4_Cvi-0,0,3737
t,7_Ler,0,3737
t,3_C24,0,3737
t,6_Kyo,0,3737
t,5_Eri-1,0,3737
t,8_Sha,0,3737
t,2_An-1,0,3737
-,1_Kas-1,0,3737
-,5_Sku-30,0,3737
-,5_Ler,0,3737
-,5_Gro-3,0,3737
-,8_Altai-5,0,3737
-,8_Tsu-0,0,3737
a,1_Col-0,0,3738
a,4_Cvi-0,0,3738
a,7_Ler,0,3738
a,3_C24,0,3738
a,6_Kyo,0,3738
a,5_Eri-1,0,3738
a,8_Sha,0,3738
a,2_An-1,0,3738
-,1_Kas-1,0,3738
-,5_Sku-30,0,3738
-,5_Ler,0,3738
-,5_Gro-3,0,3738
-,8_Altai-5,0,3738
-,8_Tsu-0,0,3738
t,1_Col-0,0,3739
t,4_Cvi-0,0,3739
t,7_Ler,0,3739
t,3_C24,0,3739
t,6_Kyo,0,3739
t,5_Eri-1,0,3739
t,8_Sha,0,3739
t,2_An-1,0,3739
-,1_Kas-1,0,3739
-,5_Sku-30,0,3739
-,5_Ler,0,3739
-,5_Gro-3,0,3739
-,8_Altai-5,0,3739
-,8_Tsu-0,0,3739
a,1_Col-0,0,3740
a,4_Cvi-0,0,3740
a,7_Ler,0,3740
a,3_C24,0,3740
a,6_Kyo,0,3740
a,5_Eri-1,0,3740
a,8_Sha,0,3740
a,2_An-1,0,3740
-,1_Kas-1,0,3740
-,5_Sku-30,0,3740
-,5_Ler,0,3740
-,5_Gro-3,0,3740
-,8_Altai-5,0,3740
-,8_Tsu-0,0,3740
a,1_Col-0,0,3741
a,4_Cvi-0,0,3741
a,7_Ler,0,3741
a,3_C24,0,3741
a,6_Kyo,0,3741
a,5_Eri-1,0,3741
a,8_Sha,0,3741
a,2_An-1,0,3741
-,1_Kas-1,0,3741
-,5_Sku-30,0,3741
-,5_Ler,0,3741
-,5_Gro-3,0,3741
-,8_Altai-5,0,3741
-,8_Tsu-0,0,3741
a,1_Col-0,0,3742
a,4_Cvi-0,0,3742
a,7_Ler,0,3742
a,3_C24,0,3742
a,6_Kyo,0,3742
a,5_Eri-1,0,3742
a,8_Sha,0,3742
a,2_An-1,0,3742
-,1_Kas-1,0,3742
-,5_Sku-30,0,3742
-,5_Ler,0,3742
-,5_Gro-3,0,3742
-,8_Altai-5,0,3742
-,8_Tsu-0,0,3742
a,1_Col-0,0,3743
a,4_Cvi-0,0,3743
a,7_Ler,0,3743
a,3_C24,0,3743
a,6_Kyo,0,3743
a,5_Eri-1,0,3743
a,8_Sha,0,3743
a,2_An-1,0,3743
-,1_Kas-1,0,3743
-,5_Sku-30,0,3743
-,5_Ler,0,3743
-,5_Gro-3,0,3743
-,8_Altai-5,0,3743
-,8_Tsu-0,0,3743
a,1_Col-0,0,3744
a,4_Cvi-0,0,3744
a,7_Ler,0,3744
a,3_C24,0,3744
a,6_Kyo,0,3744
a,5_Eri-1,0,3744
a,8_Sha,0,3744
a,2_An-1,0,3744
-,1_Kas-1,0,3744
-,5_Sku-30,0,3744
-,5_Ler,0,3744
-,5_Gro-3,0,3744
-,8_Altai-5,0,3744
-,8_Tsu-0,0,3744
a,1_Col-0,0,3745
a,4_Cvi-0,0,3745
a,7_Ler,0,3745
a,3_C24,0,3745
a,6_Kyo,0,3745
a,5_Eri-1,0,3745
a,8_Sha,0,3745
a,2_An-1,0,3745
-,1_Kas-1,0,3745
-,5_Sku-30,0,3745
-,5_Ler,0,3745
-,5_Gro-3,0,3745
-,8_Altai-5,0,3745
-,8_Tsu-0,0,3745
g,1_Col-0,0,3746
g,4_Cvi-0,0,3746
g,7_Ler,0,3746
g,3_C24,0,3746
g,6_Kyo,0,3746
g,5_Eri-1,0,3746
g,8_Sha,0,3746
g,2_An-1,0,3746
-,1_Kas-1,0,3746
-,5_Sku-30,0,3746
-,5_Ler,0,3746
-,5_Gro-3,0,3746
-,8_Altai-5,0,3746
-,8_Tsu-0,0,3746
a,1_Col-0,0,3747
a,4_Cvi-0,0,3747
a,7_Ler,0,3747
a,3_C24,0,3747
a,6_Kyo,0,3747
a,5_Eri-1,0,3747
a,8_Sha,0,3747
a,2_An-1,0,3747
-,1_Kas-1,0,3747
-,5_Sku-30,0,3747
-,5_Ler,0,3747
-,5_Gro-3,0,3747
-,8_Altai-5,0,3747
-,8_Tsu-0,0,3747
a,1_Col-0,0,3748
a,4_Cvi-0,0,3748
a,7_Ler,0,3748
a,3_C24,0,3748
a,6_Kyo,0,3748
a,5_Eri-1,0,3748
a,8_Sha,0,3748
a,2_An-1,0,3748
-,1_Kas-1,0,3748
-,5_Sku-30,0,3748
-,5_Ler,0,3748
-,5_Gro-3,0,3748
-,8_Altai-5,0,3748
-,8_Tsu-0,0,3748
a,1_Col-0,0,3749
a,4_Cvi-0,0,3749
a,7_Ler,0,3749
a,3_C24,0,3749
a,6_Kyo,0,3749
a,5_Eri-1,0,3749
a,8_Sha,0,3749
a,2_An-1,0,3749
-,1_Kas-1,0,3749
-,5_Sku-30,0,3749
-,5_Ler,0,3749
-,5_Gro-3,0,3749
-,8_Altai-5,0,3749
-,8_Tsu-0,0,3749
c,1_Col-0,0,3750
c,4_Cvi-0,0,3750
c,7_Ler,0,3750
c,3_C24,0,3750
c,6_Kyo,0,3750
c,5_Eri-1,0,3750
c,8_Sha,0,3750
c,2_An-1,0,3750
-,1_Kas-1,0,3750
-,5_Sku-30,0,3750
-,5_Ler,0,3750
-,5_Gro-3,0,3750
-,8_Altai-5,0,3750
-,8_Tsu-0,0,3750
c,1_Col-0,0,3751
c,4_Cvi-0,0,3751
c,7_Ler,0,3751
c,3_C24,0,3751
c,6_Kyo,0,3751
c,5_Eri-1,0,3751
c,8_Sha,0,3751
c,2_An-1,0,3751
-,1_Kas-1,0,3751
-,5_Sku-30,0,3751
-,5_Ler,0,3751
-,5_Gro-3,0,3751
-,8_Altai-5,0,3751
-,8_Tsu-0,0,3751
a,1_Col-0,0,3752
a,4_Cvi-0,0,3752
a,7_Ler,0,3752
a,3_C24,0,3752
a,6_Kyo,0,3752
a,5_Eri-1,0,3752
a,8_Sha,0,3752
a,2_An-1,0,3752
-,1_Kas-1,0,3752
-,5_Sku-30,0,3752
-,5_Ler,0,3752
-,5_Gro-3,0,3752
-,8_Altai-5,0,3752
-,8_Tsu-0,0,3752
t,1_Col-0,0,3753
t,4_Cvi-0,0,3753
t,7_Ler,0,3753
t,3_C24,0,3753
t,6_Kyo,0,3753
t,5_Eri-1,0,3753
t,8_Sha,0,3753
t,2_An-1,0,3753
-,1_Kas-1,0,3753
-,5_Sku-30,0,3753
-,5_Ler,0,3753
-,5_Gro-3,0,3753
-,8_Altai-5,0,3753
-,8_Tsu-0,0,3753
c,1_Col-0,0,3754
c,4_Cvi-0,0,3754
c,7_Ler,0,3754
c,3_C24,0,3754
c,6_Kyo,0,3754
c,5_Eri-1,0,3754
c,8_Sha,0,3754
c,2_An-1,0,3754
-,1_Kas-1,0,3754
-,5_Sku-30,0,3754
-,5_Ler,0,3754
-,5_Gro-3,0,3754
-,8_Altai-5,0,3754
-,8_Tsu-0,0,3754
t,1_Col-0,0,3755
t,4_Cvi-0,0,3755
t,7_Ler,0,3755
t,3_C24,0,3755
t,6_Kyo,0,3755
t,5_Eri-1,0,3755
t,8_Sha,0,3755
t,2_An-1,0,3755
-,1_Kas-1,0,3755
-,5_Sku-30,0,3755
-,5_Ler,0,3755
-,5_Gro-3,0,3755
-,8_Altai-5,0,3755
-,8_Tsu-0,0,3755
t,1_Col-0,0,3756
t,4_Cvi-0,0,3756
t,7_Ler,0,3756
t,3_C24,0,3756
t,6_Kyo,0,3756
t,5_Eri-1,0,3756
t,8_Sha,0,3756
t,2_An-1,0,3756
-,1_Kas-1,0,3756
-,5_Sku-30,0,3756
-,5_Ler,0,3756
-,5_Gro-3,0,3756
-,8_Altai-5,0,3756
-,8_Tsu-0,0,3756
t,1_Col-0,0,3757
t,4_Cvi-0,0,3757
t,7_Ler,0,3757
t,3_C24,0,3757
t,6_Kyo,0,3757
t,5_Eri-1,0,3757
t,8_Sha,0,3757
t,2_An-1,0,3757
-,1_Kas-1,0,3757
-,5_Sku-30,0,3757
-,5_Ler,0,3757
-,5_Gro-3,0,3757
-,8_Altai-5,0,3757
-,8_Tsu-0,0,3757
g,1_Col-0,0,3758
g,4_Cvi-0,0,3758
g,7_Ler,0,3758
g,3_C24,0,3758
g,6_Kyo,0,3758
g,5_Eri-1,0,3758
g,8_Sha,0,3758
g,2_An-1,0,3758
-,1_Kas-1,0,3758
-,5_Sku-30,0,3758
-,5_Ler,0,3758
-,5_Gro-3,0,3758
-,8_Altai-5,0,3758
-,8_Tsu-0,0,3758
a,1_Col-0,0,3759
a,4_Cvi-0,0,3759
a,7_Ler,0,3759
a,3_C24,0,3759
a,6_Kyo,0,3759
a,5_Eri-1,0,3759
a,8_Sha,0,3759
a,2_An-1,0,3759
-,1_Kas-1,0,3759
-,5_Sku-30,0,3759
-,5_Ler,0,3759
-,5_Gro-3,0,3759
-,8_Altai-5,0,3759
-,8_Tsu-0,0,3759
t,1_Col-0,0,3760
t,4_Cvi-0,0,3760
t,7_Ler,0,3760
t,3_C24,0,3760
t,6_Kyo,0,3760
t,5_Eri-1,0,3760
t,8_Sha,0,3760
t,2_An-1,0,3760
-,1_Kas-1,0,3760
-,5_Sku-30,0,3760
-,5_Ler,0,3760
-,5_Gro-3,0,3760
-,8_Altai-5,0,3760
-,8_Tsu-0,0,3760
c,1_Col-0,0,3761
c,4_Cvi-0,0,3761
c,7_Ler,0,3761
c,3_C24,0,3761
c,6_Kyo,0,3761
g,5_Eri-1,0,3761
g,8_Sha,0,3761
c,2_An-1,0,3761
G,1_Kas-1,1,3761
C,5_Sku-30,1,3761
C,5_Ler,1,3761
-,5_Gro-3,0,3761
C,8_Altai-5,1,3761
C,8_Tsu-0,1,3761
t,1_Col-0,0,3762
t,4_Cvi-0,0,3762
t,7_Ler,0,3762
t,3_C24,0,3762
t,6_Kyo,0,3762
t,5_Eri-1,0,3762
t,8_Sha,0,3762
t,2_An-1,0,3762
-,1_Kas-1,0,3762
-,5_Sku-30,0,3762
-,5_Ler,0,3762
-,5_Gro-3,0,3762
-,8_Altai-5,0,3762
-,8_Tsu-0,0,3762
c,1_Col-0,0,3763
c,4_Cvi-0,0,3763
c,7_Ler,0,3763
c,3_C24,0,3763
c,6_Kyo,0,3763
c,5_Eri-1,0,3763
c,8_Sha,0,3763
c,2_An-1,0,3763
-,1_Kas-1,0,3763
-,5_Sku-30,0,3763
-,5_Ler,0,3763
-,5_Gro-3,0,3763
-,8_Altai-5,0,3763
-,8_Tsu-0,0,3763
c,1_Col-0,0,3764
c,4_Cvi-0,0,3764
c,7_Ler,0,3764
c,3_C24,0,3764
c,6_Kyo,0,3764
c,5_Eri-1,0,3764
c,8_Sha,0,3764
c,2_An-1,0,3764
-,1_Kas-1,0,3764
-,5_Sku-30,0,3764
-,5_Ler,0,3764
-,5_Gro-3,0,3764
-,8_Altai-5,0,3764
-,8_Tsu-0,0,3764
c,1_Col-0,0,3765
c,4_Cvi-0,0,3765
c,7_Ler,0,3765
c,3_C24,0,3765
c,6_Kyo,0,3765
c,5_Eri-1,0,3765
c,8_Sha,0,3765
c,2_An-1,0,3765
-,1_Kas-1,0,3765
-,5_Sku-30,0,3765
-,5_Ler,0,3765
-,5_Gro-3,0,3765
-,8_Altai-5,0,3765
-,8_Tsu-0,0,3765
c,1_Col-0,0,3766
c,4_Cvi-0,0,3766
c,7_Ler,0,3766
c,3_C24,0,3766
c,6_Kyo,0,3766
c,5_Eri-1,0,3766
c,8_Sha,0,3766
c,2_An-1,0,3766
-,1_Kas-1,0,3766
-,5_Sku-30,0,3766
-,5_Ler,0,3766
-,5_Gro-3,0,3766
-,8_Altai-5,0,3766
-,8_Tsu-0,0,3766
a,1_Col-0,0,3767
a,4_Cvi-0,0,3767
a,7_Ler,0,3767
a,3_C24,0,3767
a,6_Kyo,0,3767
a,5_Eri-1,0,3767
a,8_Sha,0,3767
a,2_An-1,0,3767
-,1_Kas-1,0,3767
-,5_Sku-30,0,3767
-,5_Ler,0,3767
-,5_Gro-3,0,3767
-,8_Altai-5,0,3767
-,8_Tsu-0,0,3767
a,1_Col-0,0,3768
a,4_Cvi-0,0,3768
a,7_Ler,0,3768
a,3_C24,0,3768
a,6_Kyo,0,3768
a,5_Eri-1,0,3768
a,8_Sha,0,3768
a,2_An-1,0,3768
-,1_Kas-1,0,3768
-,5_Sku-30,0,3768
-,5_Ler,0,3768
-,5_Gro-3,0,3768
-,8_Altai-5,0,3768
-,8_Tsu-0,0,3768
a,1_Col-0,0,3769
a,4_Cvi-0,0,3769
a,7_Ler,0,3769
a,3_C24,0,3769
a,6_Kyo,0,3769
a,5_Eri-1,0,3769
a,8_Sha,0,3769
a,2_An-1,0,3769
-,1_Kas-1,0,3769
-,5_Sku-30,0,3769
-,5_Ler,0,3769
-,5_Gro-3,0,3769
-,8_Altai-5,0,3769
-,8_Tsu-0,0,3769
c,1_Col-0,0,3770
c,4_Cvi-0,0,3770
c,7_Ler,0,3770
c,3_C24,0,3770
c,6_Kyo,0,3770
c,5_Eri-1,0,3770
c,8_Sha,0,3770
c,2_An-1,0,3770
-,1_Kas-1,0,3770
-,5_Sku-30,0,3770
-,5_Ler,0,3770
-,5_Gro-3,0,3770
-,8_Altai-5,0,3770
-,8_Tsu-0,0,3770
a,1_Col-0,0,3771
a,4_Cvi-0,0,3771
a,7_Ler,0,3771
a,3_C24,0,3771
a,6_Kyo,0,3771
a,5_Eri-1,0,3771
a,8_Sha,0,3771
a,2_An-1,0,3771
-,1_Kas-1,0,3771
-,5_Sku-30,0,3771
-,5_Ler,0,3771
-,5_Gro-3,0,3771
-,8_Altai-5,0,3771
-,8_Tsu-0,0,3771
t,1_Col-0,0,3772
t,4_Cvi-0,0,3772
t,7_Ler,0,3772
t,3_C24,0,3772
t,6_Kyo,0,3772
t,5_Eri-1,0,3772
t,8_Sha,0,3772
t,2_An-1,0,3772
-,1_Kas-1,0,3772
-,5_Sku-30,0,3772
-,5_Ler,0,3772
-,5_Gro-3,0,3772
-,8_Altai-5,0,3772
-,8_Tsu-0,0,3772
g,1_Col-0,0,3773
g,4_Cvi-0,0,3773
g,7_Ler,0,3773
g,3_C24,0,3773
g,6_Kyo,0,3773
g,5_Eri-1,0,3773
g,8_Sha,0,3773
g,2_An-1,0,3773
-,1_Kas-1,0,3773
C,5_Sku-30,1,3773
-,5_Ler,0,3773
-,5_Gro-3,0,3773
-,8_Altai-5,0,3773
-,8_Tsu-0,0,3773
a,1_Col-0,0,3774
a,4_Cvi-0,0,3774
a,7_Ler,0,3774
a,3_C24,0,3774
a,6_Kyo,0,3774
-,5_Eri-1,0,3774
-,8_Sha,0,3774
a,2_An-1,0,3774
-,1_Kas-1,0,3774
-,5_Sku-30,0,3774
-,5_Ler,0,3774
-,5_Gro-3,0,3774
-,8_Altai-5,0,3774
-,8_Tsu-0,0,3774
a,1_Col-0,0,3775
a,4_Cvi-0,0,3775
a,7_Ler,0,3775
a,3_C24,0,3775
a,6_Kyo,0,3775
-,5_Eri-1,0,3775
-,8_Sha,0,3775
a,2_An-1,0,3775
-,1_Kas-1,0,3775
-,5_Sku-30,0,3775
-,5_Ler,0,3775
-,5_Gro-3,0,3775
-,8_Altai-5,0,3775
-,8_Tsu-0,0,3775
a,1_Col-0,0,3776
a,4_Cvi-0,0,3776
a,7_Ler,0,3776
a,3_C24,0,3776
a,6_Kyo,0,3776
-,5_Eri-1,0,3776
-,8_Sha,0,3776
a,2_An-1,0,3776
-,1_Kas-1,0,3776
-,5_Sku-30,0,3776
-,5_Ler,0,3776
-,5_Gro-3,0,3776
-,8_Altai-5,0,3776
-,8_Tsu-0,0,3776
g,1_Col-0,0,3777
g,4_Cvi-0,0,3777
g,7_Ler,0,3777
g,3_C24,0,3777
g,6_Kyo,0,3777
-,5_Eri-1,0,3777
-,8_Sha,0,3777
g,2_An-1,0,3777
-,1_Kas-1,0,3777
-,5_Sku-30,0,3777
-,5_Ler,0,3777
-,5_Gro-3,0,3777
-,8_Altai-5,0,3777
-,8_Tsu-0,0,3777
t,1_Col-0,0,3778
t,4_Cvi-0,0,3778
t,7_Ler,0,3778
t,3_C24,0,3778
t,6_Kyo,0,3778
-,5_Eri-1,0,3778
-,8_Sha,0,3778
t,2_An-1,0,3778
-,1_Kas-1,0,3778
-,5_Sku-30,0,3778
-,5_Ler,0,3778
-,5_Gro-3,0,3778
-,8_Altai-5,0,3778
-,8_Tsu-0,0,3778
t,1_Col-0,0,3779
t,4_Cvi-0,0,3779
t,7_Ler,0,3779
t,3_C24,0,3779
t,6_Kyo,0,3779
-,5_Eri-1,0,3779
-,8_Sha,0,3779
t,2_An-1,0,3779
-,1_Kas-1,0,3779
-,5_Sku-30,0,3779
-,5_Ler,0,3779
-,5_Gro-3,0,3779
-,8_Altai-5,0,3779
-,8_Tsu-0,0,3779
t,1_Col-0,0,3780
t,4_Cvi-0,0,3780
t,7_Ler,0,3780
t,3_C24,0,3780
t,6_Kyo,0,3780
-,5_Eri-1,0,3780
-,8_Sha,0,3780
t,2_An-1,0,3780
-,1_Kas-1,0,3780
-,5_Sku-30,0,3780
-,5_Ler,0,3780
-,5_Gro-3,0,3780
-,8_Altai-5,0,3780
-,8_Tsu-0,0,3780
t,1_Col-0,0,3781
t,4_Cvi-0,0,3781
t,7_Ler,0,3781
t,3_C24,0,3781
t,6_Kyo,0,3781
-,5_Eri-1,0,3781
-,8_Sha,0,3781
t,2_An-1,0,3781
-,1_Kas-1,0,3781
-,5_Sku-30,0,3781
-,5_Ler,0,3781
-,5_Gro-3,0,3781
-,8_Altai-5,0,3781
-,8_Tsu-0,0,3781
c,1_Col-0,0,3782
c,4_Cvi-0,0,3782
c,7_Ler,0,3782
c,3_C24,0,3782
c,6_Kyo,0,3782
-,5_Eri-1,0,3782
-,8_Sha,0,3782
c,2_An-1,0,3782
G,1_Kas-1,1,3782
-,5_Sku-30,0,3782
-,5_Ler,0,3782
-,5_Gro-3,0,3782
-,8_Altai-5,0,3782
-,8_Tsu-0,0,3782
a,1_Col-0,0,3783
a,4_Cvi-0,0,3783
a,7_Ler,0,3783
a,3_C24,0,3783
a,6_Kyo,0,3783
a,5_Eri-1,0,3783
a,8_Sha,0,3783
a,2_An-1,0,3783
-,1_Kas-1,0,3783
-,5_Sku-30,0,3783
-,5_Ler,0,3783
-,5_Gro-3,0,3783
-,8_Altai-5,0,3783
-,8_Tsu-0,0,3783
a,1_Col-0,0,3784
a,4_Cvi-0,0,3784
a,7_Ler,0,3784
a,3_C24,0,3784
a,6_Kyo,0,3784
a,5_Eri-1,0,3784
a,8_Sha,0,3784
a,2_An-1,0,3784
-,1_Kas-1,0,3784
-,5_Sku-30,0,3784
-,5_Ler,0,3784
-,5_Gro-3,0,3784
-,8_Altai-5,0,3784
-,8_Tsu-0,0,3784
a,1_Col-0,0,3785
a,4_Cvi-0,0,3785
a,7_Ler,0,3785
a,3_C24,0,3785
a,6_Kyo,0,3785
a,5_Eri-1,0,3785
a,8_Sha,0,3785
a,2_An-1,0,3785
-,1_Kas-1,0,3785
-,5_Sku-30,0,3785
-,5_Ler,0,3785
-,5_Gro-3,0,3785
-,8_Altai-5,0,3785
-,8_Tsu-0,0,3785
t,1_Col-0,0,3786
t,4_Cvi-0,0,3786
t,7_Ler,0,3786
t,3_C24,0,3786
t,6_Kyo,0,3786
t,5_Eri-1,0,3786
t,8_Sha,0,3786
t,2_An-1,0,3786
-,1_Kas-1,0,3786
-,5_Sku-30,0,3786
-,5_Ler,0,3786
-,5_Gro-3,0,3786
-,8_Altai-5,0,3786
-,8_Tsu-0,0,3786
t,1_Col-0,0,3787
t,4_Cvi-0,0,3787
t,7_Ler,0,3787
t,3_C24,0,3787
t,6_Kyo,0,3787
t,5_Eri-1,0,3787
t,8_Sha,0,3787
t,2_An-1,0,3787
-,1_Kas-1,0,3787
-,5_Sku-30,0,3787
-,5_Ler,0,3787
-,5_Gro-3,0,3787
-,8_Altai-5,0,3787
-,8_Tsu-0,0,3787
g,1_Col-0,0,3788
g,4_Cvi-0,0,3788
g,7_Ler,0,3788
g,3_C24,0,3788
g,6_Kyo,0,3788
g,5_Eri-1,0,3788
g,8_Sha,0,3788
g,2_An-1,0,3788
-,1_Kas-1,0,3788
-,5_Sku-30,0,3788
-,5_Ler,0,3788
-,5_Gro-3,0,3788
-,8_Altai-5,0,3788
-,8_Tsu-0,0,3788
c,1_Col-0,0,3789
c,4_Cvi-0,0,3789
c,7_Ler,0,3789
c,3_C24,0,3789
c,6_Kyo,0,3789
c,5_Eri-1,0,3789
c,8_Sha,0,3789
c,2_An-1,0,3789
-,1_Kas-1,0,3789
-,5_Sku-30,0,3789
-,5_Ler,0,3789
-,5_Gro-3,0,3789
-,8_Altai-5,0,3789
-,8_Tsu-0,0,3789
a,1_Col-0,0,3790
a,4_Cvi-0,0,3790
a,7_Ler,0,3790
a,3_C24,0,3790
a,6_Kyo,0,3790
a,5_Eri-1,0,3790
a,8_Sha,0,3790
a,2_An-1,0,3790
-,1_Kas-1,0,3790
-,5_Sku-30,0,3790
-,5_Ler,0,3790
-,5_Gro-3,0,3790
-,8_Altai-5,0,3790
-,8_Tsu-0,0,3790
a,1_Col-0,0,3791
a,4_Cvi-0,0,3791
a,7_Ler,0,3791
a,3_C24,0,3791
a,6_Kyo,0,3791
a,5_Eri-1,0,3791
a,8_Sha,0,3791
a,2_An-1,0,3791
-,1_Kas-1,0,3791
-,5_Sku-30,0,3791
-,5_Ler,0,3791
-,5_Gro-3,0,3791
-,8_Altai-5,0,3791
-,8_Tsu-0,0,3791
a,1_Col-0,0,3792
a,4_Cvi-0,0,3792
a,7_Ler,0,3792
a,3_C24,0,3792
a,6_Kyo,0,3792
a,5_Eri-1,0,3792
a,8_Sha,0,3792
a,2_An-1,0,3792
-,1_Kas-1,0,3792
-,5_Sku-30,0,3792
-,5_Ler,0,3792
-,5_Gro-3,0,3792
-,8_Altai-5,0,3792
-,8_Tsu-0,0,3792
g,1_Col-0,0,3793
g,4_Cvi-0,0,3793
g,7_Ler,0,3793
g,3_C24,0,3793
g,6_Kyo,0,3793
g,5_Eri-1,0,3793
g,8_Sha,0,3793
g,2_An-1,0,3793
-,1_Kas-1,0,3793
-,5_Sku-30,0,3793
-,5_Ler,0,3793
-,5_Gro-3,0,3793
-,8_Altai-5,0,3793
-,8_Tsu-0,0,3793
c,1_Col-0,0,3794
c,4_Cvi-0,0,3794
c,7_Ler,0,3794
c,3_C24,0,3794
c,6_Kyo,0,3794
c,5_Eri-1,0,3794
c,8_Sha,0,3794
c,2_An-1,0,3794
-,1_Kas-1,0,3794
-,5_Sku-30,0,3794
-,5_Ler,0,3794
-,5_Gro-3,0,3794
-,8_Altai-5,0,3794
-,8_Tsu-0,0,3794
c,1_Col-0,0,3795
c,4_Cvi-0,0,3795
c,7_Ler,0,3795
c,3_C24,0,3795
c,6_Kyo,0,3795
c,5_Eri-1,0,3795
c,8_Sha,0,3795
c,2_An-1,0,3795
-,1_Kas-1,0,3795
-,5_Sku-30,0,3795
-,5_Ler,0,3795
-,5_Gro-3,0,3795
-,8_Altai-5,0,3795
-,8_Tsu-0,0,3795
g,1_Col-0,0,3796
g,4_Cvi-0,0,3796
g,7_Ler,0,3796
g,3_C24,0,3796
g,6_Kyo,0,3796
g,5_Eri-1,0,3796
g,8_Sha,0,3796
g,2_An-1,0,3796
-,1_Kas-1,0,3796
-,5_Sku-30,0,3796
-,5_Ler,0,3796
-,5_Gro-3,0,3796
-,8_Altai-5,0,3796
-,8_Tsu-0,0,3796
t,1_Col-0,0,3797
t,4_Cvi-0,0,3797
t,7_Ler,0,3797
t,3_C24,0,3797
t,6_Kyo,0,3797
t,5_Eri-1,0,3797
t,8_Sha,0,3797
t,2_An-1,0,3797
-,1_Kas-1,0,3797
-,5_Sku-30,0,3797
-,5_Ler,0,3797
-,5_Gro-3,0,3797
-,8_Altai-5,0,3797
-,8_Tsu-0,0,3797
t,1_Col-0,0,3798
t,4_Cvi-0,0,3798
t,7_Ler,0,3798
t,3_C24,0,3798
t,6_Kyo,0,3798
t,5_Eri-1,0,3798
t,8_Sha,0,3798
t,2_An-1,0,3798
-,1_Kas-1,0,3798
-,5_Sku-30,0,3798
-,5_Ler,0,3798
-,5_Gro-3,0,3798
-,8_Altai-5,0,3798
-,8_Tsu-0,0,3798
g,1_Col-0,0,3799
g,4_Cvi-0,0,3799
g,7_Ler,0,3799
g,3_C24,0,3799
g,6_Kyo,0,3799
g,5_Eri-1,0,3799
g,8_Sha,0,3799
g,2_An-1,0,3799
-,1_Kas-1,0,3799
-,5_Sku-30,0,3799
-,5_Ler,0,3799
-,5_Gro-3,0,3799
-,8_Altai-5,0,3799
-,8_Tsu-0,0,3799
