base,accession,mutation_count,pos
a,1_Col-0,0,0
-,4_Cvi-0,0,0
-,7_Ler,0,0
-,3_C24,0,0
-,6_Kyo,0,0
-,5_Eri-1,0,0
-,8_Sha,0,0
-,2_An-1,0,0
-,1_Kas-1,0,0
-,5_Sku-30,0,0
-,5_Ler,0,0
-,5_Gro-3,0,0
-,8_Altai-5,0,0
-,8_Tsu-0,0,0
a,1_Col-0,0,1
-,4_Cvi-0,0,1
-,7_Ler,0,1
-,3_C24,0,1
-,6_Kyo,0,1
-,5_Eri-1,0,1
-,8_Sha,0,1
-,2_An-1,0,1
-,1_Kas-1,0,1
-,5_Sku-30,0,1
-,5_Ler,0,1
-,5_Gro-3,0,1
-,8_Altai-5,0,1
-,8_Tsu-0,0,1
a,1_Col-0,0,2
-,4_Cvi-0,0,2
-,7_Ler,0,2
-,3_C24,0,2
-,6_Kyo,0,2
-,5_Eri-1,0,2
-,8_Sha,0,2
-,2_An-1,0,2
-,1_Kas-1,0,2
-,5_Sku-30,0,2
-,5_Ler,0,2
-,5_Gro-3,0,2
-,8_Altai-5,0,2
-,8_Tsu-0,0,2
a,1_Col-0,0,3
-,4_Cvi-0,0,3
-,7_Ler,0,3
-,3_C24,0,3
-,6_Kyo,0,3
-,5_Eri-1,0,3
-,8_Sha,0,3
-,2_An-1,0,3
-,1_Kas-1,0,3
-,5_Sku-30,0,3
-,5_Ler,0,3
-,5_Gro-3,0,3
-,8_Altai-5,0,3
-,8_Tsu-0,0,3
a,1_Col-0,0,4
-,4_Cvi-0,0,4
-,7_Ler,0,4
-,3_C24,0,4
-,6_Kyo,0,4
-,5_Eri-1,0,4
-,8_Sha,0,4
-,2_An-1,0,4
-,1_Kas-1,0,4
-,5_Sku-30,0,4
-,5_Ler,0,4
-,5_Gro-3,0,4
-,8_Altai-5,0,4
-,8_Tsu-0,0,4
a,1_Col-0,0,5
-,4_Cvi-0,0,5
-,7_Ler,0,5
-,3_C24,0,5
-,6_Kyo,0,5
-,5_Eri-1,0,5
-,8_Sha,0,5
-,2_An-1,0,5
-,1_Kas-1,0,5
-,5_Sku-30,0,5
-,5_Ler,0,5
-,5_Gro-3,0,5
-,8_Altai-5,0,5
-,8_Tsu-0,0,5
a,1_Col-0,0,6
-,4_Cvi-0,0,6
-,7_Ler,0,6
-,3_C24,0,6
-,6_Kyo,0,6
-,5_Eri-1,0,6
-,8_Sha,0,6
-,2_An-1,0,6
-,1_Kas-1,0,6
-,5_Sku-30,0,6
-,5_Ler,0,6
-,5_Gro-3,0,6
-,8_Altai-5,0,6
-,8_Tsu-0,0,6
t,1_Col-0,0,7
-,4_Cvi-0,0,7
-,7_Ler,0,7
-,3_C24,0,7
-,6_Kyo,0,7
-,5_Eri-1,0,7
-,8_Sha,0,7
-,2_An-1,0,7
-,1_Kas-1,0,7
-,5_Sku-30,0,7
-,5_Ler,0,7
-,5_Gro-3,0,7
-,8_Altai-5,0,7
-,8_Tsu-0,0,7
t,1_Col-0,0,8
-,4_Cvi-0,0,8
-,7_Ler,0,8
-,3_C24,0,8
-,6_Kyo,0,8
-,5_Eri-1,0,8
-,8_Sha,0,8
-,2_An-1,0,8
-,1_Kas-1,0,8
-,5_Sku-30,0,8
-,5_Ler,0,8
-,5_Gro-3,0,8
-,8_Altai-5,0,8
-,8_Tsu-0,0,8
g,1_Col-0,0,9
-,4_Cvi-0,0,9
-,7_Ler,0,9
-,3_C24,0,9
-,6_Kyo,0,9
-,5_Eri-1,0,9
-,8_Sha,0,9
-,2_An-1,0,9
-,1_Kas-1,0,9
-,5_Sku-30,0,9
-,5_Ler,0,9
-,5_Gro-3,0,9
-,8_Altai-5,0,9
-,8_Tsu-0,0,9
t,1_Col-0,0,10
-,4_Cvi-0,0,10
-,7_Ler,0,10
-,3_C24,0,10
-,6_Kyo,0,10
-,5_Eri-1,0,10
-,8_Sha,0,10
-,2_An-1,0,10
-,1_Kas-1,0,10
-,5_Sku-30,0,10
-,5_Ler,0,10
-,5_Gro-3,0,10
-,8_Altai-5,0,10
-,8_Tsu-0,0,10
a,1_Col-0,0,11
-,4_Cvi-0,0,11
-,7_Ler,0,11
-,3_C24,0,11
-,6_Kyo,0,11
-,5_Eri-1,0,11
-,8_Sha,0,11
-,2_An-1,0,11
-,1_Kas-1,0,11
-,5_Sku-30,0,11
-,5_Ler,0,11
-,5_Gro-3,0,11
-,8_Altai-5,0,11
-,8_Tsu-0,0,11
t,1_Col-0,0,12
-,4_Cvi-0,0,12
-,7_Ler,0,12
-,3_C24,0,12
-,6_Kyo,0,12
-,5_Eri-1,0,12
-,8_Sha,0,12
-,2_An-1,0,12
-,1_Kas-1,0,12
-,5_Sku-30,0,12
-,5_Ler,0,12
-,5_Gro-3,0,12
-,8_Altai-5,0,12
-,8_Tsu-0,0,12
a,1_Col-0,0,13
-,4_Cvi-0,0,13
-,7_Ler,0,13
-,3_C24,0,13
-,6_Kyo,0,13
-,5_Eri-1,0,13
-,8_Sha,0,13
-,2_An-1,0,13
-,1_Kas-1,0,13
-,5_Sku-30,0,13
-,5_Ler,0,13
-,5_Gro-3,0,13
-,8_Altai-5,0,13
-,8_Tsu-0,0,13
t,1_Col-0,0,14
-,4_Cvi-0,0,14
-,7_Ler,0,14
-,3_C24,0,14
-,6_Kyo,0,14
-,5_Eri-1,0,14
-,8_Sha,0,14
-,2_An-1,0,14
-,1_Kas-1,0,14
-,5_Sku-30,0,14
-,5_Ler,0,14
-,5_Gro-3,0,14
-,8_Altai-5,0,14
-,8_Tsu-0,0,14
c,1_Col-0,0,15
-,4_Cvi-0,0,15
-,7_Ler,0,15
-,3_C24,0,15
-,6_Kyo,0,15
-,5_Eri-1,0,15
-,8_Sha,0,15
-,2_An-1,0,15
-,1_Kas-1,0,15
-,5_Sku-30,0,15
-,5_Ler,0,15
-,5_Gro-3,0,15
-,8_Altai-5,0,15
-,8_Tsu-0,0,15
t,1_Col-0,0,16
-,4_Cvi-0,0,16
-,7_Ler,0,16
-,3_C24,0,16
-,6_Kyo,0,16
-,5_Eri-1,0,16
-,8_Sha,0,16
-,2_An-1,0,16
-,1_Kas-1,0,16
-,5_Sku-30,0,16
-,5_Ler,0,16
-,5_Gro-3,0,16
-,8_Altai-5,0,16
-,8_Tsu-0,0,16
a,1_Col-0,0,17
-,4_Cvi-0,0,17
-,7_Ler,0,17
-,3_C24,0,17
-,6_Kyo,0,17
-,5_Eri-1,0,17
-,8_Sha,0,17
-,2_An-1,0,17
-,1_Kas-1,0,17
-,5_Sku-30,0,17
-,5_Ler,0,17
-,5_Gro-3,0,17
-,8_Altai-5,0,17
-,8_Tsu-0,0,17
c,1_Col-0,0,18
-,4_Cvi-0,0,18
-,7_Ler,0,18
-,3_C24,0,18
-,6_Kyo,0,18
-,5_Eri-1,0,18
-,8_Sha,0,18
-,2_An-1,0,18
-,1_Kas-1,0,18
-,5_Sku-30,0,18
-,5_Ler,0,18
-,5_Gro-3,0,18
-,8_Altai-5,0,18
-,8_Tsu-0,0,18
t,1_Col-0,0,19
-,4_Cvi-0,0,19
-,7_Ler,0,19
-,3_C24,0,19
-,6_Kyo,0,19
-,5_Eri-1,0,19
-,8_Sha,0,19
-,2_An-1,0,19
-,1_Kas-1,0,19
-,5_Sku-30,0,19
-,5_Ler,0,19
-,5_Gro-3,0,19
-,8_Altai-5,0,19
-,8_Tsu-0,0,19
c,1_Col-0,0,20
-,4_Cvi-0,0,20
-,7_Ler,0,20
-,3_C24,0,20
-,6_Kyo,0,20
-,5_Eri-1,0,20
-,8_Sha,0,20
-,2_An-1,0,20
-,1_Kas-1,0,20
-,5_Sku-30,0,20
-,5_Ler,0,20
-,5_Gro-3,0,20
-,8_Altai-5,0,20
-,8_Tsu-0,0,20
a,1_Col-0,0,21
-,4_Cvi-0,0,21
-,7_Ler,0,21
-,3_C24,0,21
-,6_Kyo,0,21
-,5_Eri-1,0,21
-,8_Sha,0,21
-,2_An-1,0,21
-,1_Kas-1,0,21
-,5_Sku-30,0,21
-,5_Ler,0,21
-,5_Gro-3,0,21
-,8_Altai-5,0,21
-,8_Tsu-0,0,21
t,1_Col-0,0,22
-,4_Cvi-0,0,22
-,7_Ler,0,22
-,3_C24,0,22
-,6_Kyo,0,22
-,5_Eri-1,0,22
-,8_Sha,0,22
-,2_An-1,0,22
-,1_Kas-1,0,22
-,5_Sku-30,0,22
-,5_Ler,0,22
-,5_Gro-3,0,22
-,8_Altai-5,0,22
-,8_Tsu-0,0,22
t,1_Col-0,0,23
-,4_Cvi-0,0,23
-,7_Ler,0,23
-,3_C24,0,23
-,6_Kyo,0,23
-,5_Eri-1,0,23
-,8_Sha,0,23
-,2_An-1,0,23
-,1_Kas-1,0,23
-,5_Sku-30,0,23
-,5_Ler,0,23
-,5_Gro-3,0,23
-,8_Altai-5,0,23
-,8_Tsu-0,0,23
c,1_Col-0,0,24
-,4_Cvi-0,0,24
-,7_Ler,0,24
-,3_C24,0,24
-,6_Kyo,0,24
-,5_Eri-1,0,24
-,8_Sha,0,24
-,2_An-1,0,24
-,1_Kas-1,0,24
-,5_Sku-30,0,24
-,5_Ler,0,24
-,5_Gro-3,0,24
-,8_Altai-5,0,24
-,8_Tsu-0,0,24
a,1_Col-0,0,25
-,4_Cvi-0,0,25
-,7_Ler,0,25
-,3_C24,0,25
-,6_Kyo,0,25
-,5_Eri-1,0,25
-,8_Sha,0,25
-,2_An-1,0,25
-,1_Kas-1,0,25
-,5_Sku-30,0,25
-,5_Ler,0,25
-,5_Gro-3,0,25
-,8_Altai-5,0,25
-,8_Tsu-0,0,25
t,1_Col-0,0,26
-,4_Cvi-0,0,26
-,7_Ler,0,26
-,3_C24,0,26
-,6_Kyo,0,26
-,5_Eri-1,0,26
-,8_Sha,0,26
-,2_An-1,0,26
-,1_Kas-1,0,26
-,5_Sku-30,0,26
-,5_Ler,0,26
-,5_Gro-3,0,26
-,8_Altai-5,0,26
-,8_Tsu-0,0,26
c,1_Col-0,0,27
-,4_Cvi-0,0,27
-,7_Ler,0,27
-,3_C24,0,27
-,6_Kyo,0,27
-,5_Eri-1,0,27
-,8_Sha,0,27
-,2_An-1,0,27
-,1_Kas-1,0,27
-,5_Sku-30,0,27
-,5_Ler,0,27
-,5_Gro-3,0,27
-,8_Altai-5,0,27
-,8_Tsu-0,0,27
a,1_Col-0,0,28
-,4_Cvi-0,0,28
-,7_Ler,0,28
-,3_C24,0,28
-,6_Kyo,0,28
-,5_Eri-1,0,28
-,8_Sha,0,28
-,2_An-1,0,28
-,1_Kas-1,0,28
-,5_Sku-30,0,28
-,5_Ler,0,28
-,5_Gro-3,0,28
-,8_Altai-5,0,28
-,8_Tsu-0,0,28
g,1_Col-0,0,29
-,4_Cvi-0,0,29
-,7_Ler,0,29
-,3_C24,0,29
-,6_Kyo,0,29
-,5_Eri-1,0,29
-,8_Sha,0,29
-,2_An-1,0,29
-,1_Kas-1,0,29
-,5_Sku-30,0,29
-,5_Ler,0,29
-,5_Gro-3,0,29
-,8_Altai-5,0,29
-,8_Tsu-0,0,29
t,1_Col-0,0,30
-,4_Cvi-0,0,30
-,7_Ler,0,30
-,3_C24,0,30
-,6_Kyo,0,30
-,5_Eri-1,0,30
-,8_Sha,0,30
-,2_An-1,0,30
-,1_Kas-1,0,30
-,5_Sku-30,0,30
-,5_Ler,0,30
-,5_Gro-3,0,30
-,8_Altai-5,0,30
-,8_Tsu-0,0,30
